{
    "f": 289.4592,
    "xC": 261.46741,
    "yC": 187.09183,
    "XCl": -190.0,
    "YCl": -1479.0,
    "ZCl": -1734.0,
    "XCr": 176.0,
    "YCr": -1480.0,
    "ZCr": -1732.0
}