{
    "f": 707.98694,
    "xC": 279.14319,
    "yC": 168.85191,
    "XCl": -119.464,
    "YCl": -1498.93,
    "ZCl": -1669.59,
    "XCr": 76.824,
    "YCr": -1495.09,
    "ZCr": -1668.912
}