{
    "f": 530.77209,
    "xC": 293.8349,
    "yC": 188.35286,
    "XCl": -110.0,
    "YCl": -1120.0,
    "ZCl": 0.0,
    "XCr": 114.19,
    "YCr": -1119.26,
    "ZCr": -3.651
}